Scene_ID,Character,Dialogue,Scene_Description,Metadata
0.0,,,,Star Trek Nemesis
0.0,,,,Stardate: 56844.9
0.0,,,,"Original Airdate: Jan 3, 2003"
0.0,,,,
1.0,,,[Romulan Senate building],TITLE CREDIT
1.0,SURAN (OC),"Senators, consider the opportunities for the Empire. At last the destinies of the planets, Romulus and Remus, will be united. Shinzon of Remus is offering us a chance to make ourselves stronger...",[Romulan Senate building],ROMULAN IMPERIAL SENATE
2.0,,,[Romulan Senate chamber],
2.0,SURAN,...than ever before. It would be madness to resist it. I beg you to not let prejudice or politics interfere with this alliance. By joining Shinzon's forces with ours not even the Federation will be able to stand in our way.,[Romulan Senate chamber],
2.0,HIREN,That's enough! The decision has been made. The military does not dictate policy on Romulus.,[Romulan Senate chamber],
2.0,,,[Romulan Senate chamber],
2.0,HIREN,The Senate has considered Shinzon's proposal and rejected it. He and his followers will be met with all deliberate force and sent back to that black rock they come from. Do I make myself clear!,[Romulan Senate chamber],
2.0,COMMANDER #2,Yes sir.,[Romulan Senate chamber],"(a female senator, Tal'aura, looks down at a red circular box on the table in front of her)"
2.0,,,[Romulan Senate chamber],
2.0,TAL'AURA,"If you will excuse me, Praetor, I have an appointment with the Tholian ambassador.",[Romulan Senate chamber],
2.0,HIREN,"Of course. ...Senators, are there any others who wish to speak? ...Then I call for a vote on the motion to open trade negotiations with Celles Two.",[Romulan Senate chamber],(the two commanders leave)
2.0,,,[Romulan Senate chamber],
2.0,HIREN (OC),As you know the Reman mines have not been filling their quotas for months now. I hope you will all bear in mind the trade committee's findings.,[Romulan Senate chamber],
2.0,,,[Romulan Senate chamber],(the red box begins to open)
2.0,HIREN,As much as we don't want...,[Romulan Senate chamber],
2.0,,,[Romulan Senate chamber],(a green spiralling double-helix column of light rises from the open red box)
2.0,HIREN,Would someone alert security? Bring back Senator Tal'aura.,[Romulan Senate chamber],
2.0,,,[Romulan Senate chamber],"(as everybody present watches, transfixed, the column explodes, raining dust down on them. The red box closes)"
3.0,,,[Earth - Alaska pavilion],
3.0,PICARD,"Duty. ...A starship captain's life is filled with solemn duty. I have commanded men in battle. I have negotiated peace treaties between implacable enemies. I have represented the Federation in first contact with twenty-seven alien species, but none of this compares to my solemn duty today ...as best man. Now, I know that on an occasion such as this it is expected that I be gracious and fulsome in my praise on the wonders of this blessed union. But have you two considered what you are doing to me? Of course you're happy, but what about my needs? This is all a damned inconvenience, and while you're happily settling in on the Titan, I will be training my new first officer. You all know him. He's a tyrannical martinet who'll never, ever allow me to go on away missions!",[Earth - Alaska pavilion],(everybody in the chamber shrivels to rocks and dust)
3.0,DATA,"That is the regulation, sir. Starfleet Code. Section twelve. Paragraph four...",[Earth - Alaska pavilion],
3.0,PICARD,Data!,[Earth - Alaska pavilion],
3.0,DATA,Sir?,[Earth - Alaska pavilion],
3.0,PICARD,Shut up.,[Earth - Alaska pavilion],
3.0,DATA,Yes sir.,[Earth - Alaska pavilion],
3.0,,,[Earth - Alaska pavilion],
3.0,PICARD,Fifteen years I've been waiting to say that!,[Earth - Alaska pavilion],
3.0,,,[Earth - Alaska pavilion],(general laughter)
3.0,PICARD,"No, seriously, Will, Deanna, there's still time to reconsider. ...Yes?",[Earth - Alaska pavilion],
3.0,RIKER/TROI,No.,[Earth - Alaska pavilion],(more laughter)
3.0,PICARD,"No? Oh very well then. ...Will Riker, you have been my trusted right arm for fifteen years. You have kept my course true and steady. ...Deanna Troi, you've been my guide ...and my conscience. You have helped me recognise the better parts of myself. You are my family. ...And in best maritime tradition ...I wish you both clear horizons. ...My good friends, ...make it so. ...The bride and groom.",[Earth - Alaska pavilion],
3.0,ALL,The bride and groom.,[Earth - Alaska pavilion],
3.0,,,[Earth - Alaska pavilion],
3.0,LAFORGE,Did you ever think about getting married again?,[Earth - Alaska pavilion],
3.0,GUINAN,"No, twenty-three was my limit. ...Worf? Are you all right?",[Earth - Alaska pavilion],(the band starts playing and dancing starts)
3.0,WORF,Romulan ale should be illegal.,[Earth - Alaska pavilion],
3.0,LAFORGE,It is.,[Earth - Alaska pavilion],
3.0,TROI,That was a lovely toast.,[Earth - Alaska pavilion],
3.0,PICARD,It was from the heart.,[Earth - Alaska pavilion],
3.0,TROI,And you needn't worry. I'm going to brief your new counselor on everything she needs to know.,[Earth - Alaska pavilion],
3.0,PICARD,"Like I know you are! You already know too much about me, ...but I take it there will be no speeches during the ceremony on Betazed?",[Earth - Alaska pavilion],
3.0,RIKER,"No, no speeches and ...no clothes.",[Earth - Alaska pavilion],
3.0,DATA,"Ladies and Gentlemen and invited transgendered species. In my study of Terran and Betazoid conjugal rites I have discovered it is traditional to present the happy couple with a gift. Given Commander Riker's affection for archaic musical forms I have elected to present the following as my gift, in honour of ...their conjugation.",[Earth - Alaska pavilion],
3.0,DATA,'Never saw the sun shining so bright. Never saw things going so right. Noticing the days hurrying by.',[Earth - Alaska pavilion],
3.0,,,[Earth - Alaska pavilion],
3.0,DATA,"'When you're in love, my how they fly. Blue skies, smiling at me,'",[Earth - Alaska pavilion],
3.0,WORF,...Irving Berlin!,[Earth - Alaska pavilion],(the band comes in)
3.0,DATA,'Nothing but blue skies do I see...',[Earth - Alaska pavilion],
4.0,,,[Enterprise-E bridge],
4.0,TROI,"It's tradition, Worf! You of all people should appreciate that.",[Enterprise-E bridge],
4.0,WORF,I will not do it!,[Enterprise-E bridge],
4.0,PICARD,"Won't do what, Mister Worf?",[Enterprise-E bridge],
4.0,WORF,"Captain, I do not think it is appropriate for a Starfleet officer to appear ...naked.",[Enterprise-E bridge],
4.0,PICARD,"Oh, come now! A big, handsome, strapping fellow like you? What can you be afraid of?",[Enterprise-E bridge],
4.0,,,[Enterprise-E bridge],
4.0,WORF,"Captain, I am picking up an unusual electromagnetic signature from the Kolarin system.",[Enterprise-E bridge],
4.0,PICARD,What sort of signature?,[Enterprise-E bridge],(Worf's console bleeps)
4.0,WORF,Positronic.,[Enterprise-E bridge],
4.0,LAFORGE,It's very faint but I've isolated it to the third planet in the Kolarin system.,[Enterprise-E bridge],
4.0,PICARD,What do we know about it?,[Enterprise-E bridge],
4.0,LAFORGE,Uncharted. We'll have to get closer for a more detailed scan.,[Enterprise-E bridge],
4.0,PICARD,Theories?,[Enterprise-E bridge],
4.0,DATA,"Since positronic signatures have only been known to emanate from androids such as myself, it is logical to theorise there is an android on Kolarus Three.",[Enterprise-E bridge],
4.0,PICARD (OC),Just what I was afraid of.,[Enterprise-E bridge],
4.0,RIKER,"Captain, diverting to the Kolarin system takes us awfully close to the Romulan Neutral Zone.",[Enterprise-E bridge],
4.0,PICARD,"It's still well on our side. I think... I think it's worth taking a look. Don't worry, Number One, we'll still have you to Betazed with plenty of time to spare...",[Enterprise-E bridge],
4.0,RIKER,"Thank you, sir.",[Enterprise-E bridge],
4.0,PICARD,"...where we will all honour the Betazoid tradition. ...Now, if you'll excuse me, ...I'll be in the gym.",[Enterprise-E bridge],
4.0,RIKER,"Mister Branson, lay in a course for the Kolarin system. Warp five.",[Enterprise-E bridge],
4.0,LAFORGE,"What do you think, Data? ...A long-lost relative?",[Enterprise-E bridge],
4.0,,,[Enterprise-E bridge],
4.0,LAFORGE,"I'm reading six distinct positronic signatures, spread out over a few kilometres on the planet's surface.",[Enterprise-E bridge],
4.0,PICARD,What do we know about the population of Kolarus Three?,[Enterprise-E bridge],(the Enterprise arrives in orbit above Kolarus III)
4.0,DATA,Isolated pockets of humanoids. It appears to be a pre-warp civilisation in an early stage of industrial development.,[Enterprise-E bridge],
4.0,LAFORGE,"Captain, I wouldn't recommend using the transporter. That ion storm doesn't look very neighbourly. It could head in our direction without much warning.",[Enterprise-E bridge],
4.0,PICARD,"Understood. ...Data, Mister Worf, you're with me.",[Enterprise-E bridge],
4.0,RIKER,"Captain, I don't have to remind you....",[Enterprise-E bridge],
4.0,PICARD,"I appreciate your concern, Number One, but I've been itching to try the Argo.",[Enterprise-E bridge],
4.0,RIKER,I'll bet.,[Enterprise-E bridge],
4.0,PICARD,Captain's prerogative. There's no foreseeable danger ...and your wife would never forgive me if anything were to happen to you.,[Enterprise-E bridge],
4.0,PICARD,"You have the bridge, ...Mister Troi!",[Enterprise-E bridge],
4.0,,,[Enterprise-E bridge],
5.0,,,[Kolarus III surface],
5.0,,,[Kolarus III surface],(the Argo shuttlecraft heads for the surface of Kolarus III)
5.0,DATA,I will always be puzzled by the human predilection for piloting vehicles at unsafe velocities.,[Kolarus III surface],
5.0,DATA,"Over that rise, sir, ...half a kilometre.",[Kolarus III surface],(when the Argo lands the rear door drops down and a 'dune-buggy' shoots out with Picard at the wheel)
5.0,,,[Kolarus III surface],
5.0,DATA,"The radiant electromagnetic field is interfering with my tricorder, but we are within a few metres of the signal.",[Kolarus III surface],
5.0,PICARD,Fan out. Let's search around.,[Kolarus III surface],(Picard parks the vehicle and they get out)
5.0,,,[Kolarus III surface],
5.0,DATA,It appears to be a robotic arm.,[Kolarus III surface],
5.0,WORF,Very astute!,[Kolarus III surface],(a hand comes out of the sand and grabs Worf's leg)
5.0,PICARD,"Mister Worf, bring it to the vehicle.",[Kolarus III surface],
5.0,,,[Kolarus III surface],
5.0,PICARD,This doesn't feel right.,[Kolarus III surface],
5.0,,,[Kolarus III surface],"(they continue to search for the other positronic signatures, finding a leg and a torso)"
5.0,DATA,"The final signature is approximately one hundred metres to the north, sir.",[Kolarus III surface],
5.0,,,[Kolarus III surface],(the search continues)
5.0,WORF,it's you!,[Kolarus III surface],
5.0,DATA,The resemblance is ...striking.,[Kolarus III surface],(they arrive at the location and find an android's head lying on the ground)
5.0,,,[Kolarus III surface],
5.0,DATA,Fascinating! Fascinating!,[Kolarus III surface],
5.0,,,[Kolarus III surface],(the head's eyes flicker and Data picks it up)
5.0,PICARD,To the vehicle! ...I think it's time to try some unsafe velocities!,[Kolarus III surface],
5.0,B-4 HEAD,Why do you have a shiny head?,[Kolarus III surface],(they are disturbed by weapons fire from a group 'dune-buggies' coming over the hill)
5.0,DATA,This is not the appropriate time for a conversation.,[Kolarus III surface],
5.0,B-4 HEAD,Why?,[Kolarus III surface],
5.0,DATA,Because the Captain has to concentrate on piloting the vehicle.,[Kolarus III surface],
5.0,B-4 HEAD,Why?,[Kolarus III surface],
5.0,DATA,Because...,[Kolarus III surface],
5.0,PICARD,Data!,[Kolarus III surface],
5.0,DATA,Sorry sir.,[Kolarus III surface],
5.0,,,[Kolarus III surface],
5.0,B-4 HEAD,Have I said something wrong?,[Kolarus III surface],
5.0,,,[Kolarus III surface],(Data puts down the head)
5.0,PICARD,Data.,[Kolarus III surface],
5.0,,,[Kolarus III surface],(local inhabitants are swarming around the Argo. Data uses a remote control to launch it. The pursuit continues)
6.0,,,[Enterprise-E engineering laboratory],
6.0,CRUSHER,"You know, all things considered, Data, I think you have nicer eyes.",[Enterprise-E engineering laboratory],(Data brings the Argo ahead of the 'dune-buggy' and gets it hover beyond a precipice. The 'dune-buggy' flies off the precipice and back into the Argo. The pursuers stop on the precipice and reveal themselves to be Reman)
6.0,DATA,"Our eyes are identical, Doctor.",[Enterprise-E engineering laboratory],
6.0,RIKER,"So what have we got, Geordi?",[Enterprise-E engineering laboratory],
6.0,LAFORGE,"Well, I'd say he has the same internal mechanics as Data but not as much positronic development. The neural pathways aren't nearly as sophisticated. I'd say he's a ...prototype. Something Doctor Soong created prior to Data.",[Enterprise-E engineering laboratory],
6.0,DATA,"Do you have a name, sir?",[Enterprise-E engineering laboratory],
6.0,B-4 HEAD,I am ...B-4.,[Enterprise-E engineering laboratory],
6.0,PICARD,Be-four? Doctor Soong's penchant for whimsical names seems to have no end.,[Enterprise-E engineering laboratory],
6.0,DATA,Can you tell us how you came to be on the planet where we found you?,[Enterprise-E engineering laboratory],
6.0,B-4 HEAD,I do not know.,[Enterprise-E engineering laboratory],
6.0,DATA,Do you remember anything of your life before you were on the planet?,[Enterprise-E engineering laboratory],
6.0,B-4 HEAD,No. Why does the tall man have a furry face?,[Enterprise-E engineering laboratory],
6.0,PICARD,"Number One, keep me informed, and ...Geordi reassemble him.",[Enterprise-E engineering laboratory],
6.0,LAFORGE,Aye sir.,[Enterprise-E engineering laboratory],
6.0,DATA,"B-4, Do you know who I am?",[Enterprise-E engineering laboratory],
6.0,B-4 HEAD,You are me.,[Enterprise-E engineering laboratory],
6.0,DATA,No. My name is Data. I am your brother.,[Enterprise-E engineering laboratory],
6.0,,,[Enterprise-E engineering laboratory],
7.0,,,[Enterprise-E ready room],
7.0,PICARD,"Tea, Earl Grey, hot.",[Enterprise-E ready room],
7.0,RIKER (on intercom),"Captain, you have an alpha priority communication from Starfleet Command.",[Enterprise-E ready room],
7.0,PICARD,Acknowledged.,[Enterprise-E ready room],
7.0,PICARD,Admiral Janeway. How good to see you again.,[Enterprise-E ready room],
7.0,JANEWAY (on viewscreen),"Jean Luc, ...how'd you like a trip to Romulus?",[Enterprise-E ready room],
7.0,PICARD,With or without the rest of the fleet?,[Enterprise-E ready room],
7.0,JANEWAY (OC),"A diplomatic mission. We've been invited, believe it or not.",[Enterprise-E ready room],
7.0,JANEWAY (on viewscreen),"It seems there's been some kind of internal political shake-up. The new Praetor, someone called Shinzon,...",[Enterprise-E ready room],
7.0,JANEWAY (OC),...has requested a Federation envoy.,[Enterprise-E ready room],
7.0,PICARD,New Praetor?,[Enterprise-E ready room],
7.0,JANEWAY (on viewscreen),There's more. ...He's Reman.,[Enterprise-E ready room],
7.0,JANEWAY (OC),"Believe me, we don't understand it either.",[Enterprise-E ready room],
7.0,JANEWAY (on viewscreen),"Your'e the closest ship so I want you to go and hear what he has to say. Get the lay of the land, If the Empire becomes unstable,...",[Enterprise-E ready room],
7.0,JANEWAY (OC),...it could mean trouble for the entire Quadrant.,[Enterprise-E ready room],
7.0,PICARD,Understood.,[Enterprise-E ready room],
7.0,JANEWAY (OC),"We're sending you all the intelligence we have,...",[Enterprise-E ready room],
7.0,JANEWAY (on viewscreen),"...but it's not much. I don't need to tell you to watch your back, Jean Luc.",[Enterprise-E ready room],
7.0,PICARD,Hardly.,[Enterprise-E ready room],
7.0,JANEWAY (on viewscreen),"The Son'a, the Borg,...",[Enterprise-E ready room],
7.0,JANEWAY (OC),...the Romulans. ...You seem to get all the easy assignments!,[Enterprise-E ready room],
7.0,PICARD,"Just lucky, Admiral.",[Enterprise-E ready room],
7.0,JANEWAY (OC),Let's hope...,[Enterprise-E ready room],
7.0,JANEWAY (on viewscreen),...that luck holds. Janeway out.,[Enterprise-E ready room],
8.0,,,[Enterprise-E bridge],
8.0,PICARD,"Helmsman, lay in a new course. Take us to Romulus. Warp eight.",[Enterprise-E bridge],
8.0,HELM OFFICER,"Aye aye, sir. Course plotted and laid in.",[Enterprise-E bridge],
8.0,RIKER,Romulus?,[Enterprise-E bridge],
8.0,PICARD,"I'm afraid the Opal Sea will have to wait, Number One. Engage.",[Enterprise-E bridge],
9.0,,,[Enterprise-E observation lounge],
9.0,DATA,"As you can see one side of Remus always faces the sun. Due to the extreme temperatures on that half of their world, the Remans live on the dark side of the planet. ...Almost nothing is known about the Reman homeworld, although intelligence scans have proven the existence of dilithium mining and heavy weapons construction. ...The Remans themselves are considered an undesirable caste in the hierarchy of the Empire.",[Enterprise-E observation lounge],
9.0,RIKER,"But they also have the reputation of being formidable warriors. In the Dominion War, Reman troops were used as assault forces in the most violent encounters.",[Enterprise-E observation lounge],
9.0,PICARD,Cannon fodder.,[Enterprise-E observation lounge],
9.0,LAFORGE,"Yeah, but how did a Reman get to be Praetor? I don't get it.",[Enterprise-E observation lounge],
9.0,RIKER,We have to assume Romulan collaborators.,[Enterprise-E observation lounge],
9.0,PICARD,Coup d'Ã©tat?,[Enterprise-E observation lounge],
9.0,RIKER,The Praetor's power's always been the Romulan fleet. They must be behind Shinzon for him to have overthrown the Senate.,[Enterprise-E observation lounge],
9.0,PICARD,What have you learned about Shinzon?,[Enterprise-E observation lounge],
9.0,DATA,"Starfleet intelligence was only able to provide a partial account of his military record. We can infer he is relatively young and a capable commander. He fought twelve major engagements in the war. All successful. Beyond that, we know nothing.",[Enterprise-E observation lounge],
9.0,PICARD,"Well, ...it seems as though we're truly sailing into the unknown. Keep at it. Anything you can give me will be appreciated. Dismissed.",[Enterprise-E observation lounge],
10.0,,,[Enterprise-E engineering laboratory],
10.0,LAFORGE,I still can't believe the Captain went along with a memory download.,[Enterprise-E engineering laboratory],
10.0,DATA,"Captain Picard agrees that the B-4 was probably designed with the same self-actualisation parameters as myself. If my memory engrams are successfully integrated into his positronic matrix, he should have all my abilities.",[Enterprise-E engineering laboratory],
10.0,LAFORGE (OC),"Yes, but he would have all your memories as well. Do you feel comfortable with that?",[Enterprise-E engineering laboratory],
10.0,DATA,"I feel nothing, Geordi. It is my belief that with my memory engrams he will be able to function as a more complete individual.",[Enterprise-E engineering laboratory],
10.0,LAFORGE,"An individual more like you, you mean.",[Enterprise-E engineering laboratory],
10.0,DATA,Yes.,[Enterprise-E engineering laboratory],
10.0,LAFORGE,"Maybe he's not supposed to be like you, Data. Maybe he's supposed to be exactly the way he is.",[Enterprise-E engineering laboratory],
10.0,DATA,"That might be so, but I believe he should have the opportunity to explore his potential.",[Enterprise-E engineering laboratory],
10.0,LAFORGE,Okay ...we're done.,[Enterprise-E engineering laboratory],
10.0,DATA,"B-4, do you know where you are?",[Enterprise-E engineering laboratory],
10.0,B-4,I am in a room ...with lights.,[Enterprise-E engineering laboratory],
10.0,DATA,Can you remember ...our father?,[Enterprise-E engineering laboratory],
10.0,B-4,Our father?,[Enterprise-E engineering laboratory],
10.0,DATA,"Yes, Doctor Soong.",[Enterprise-E engineering laboratory],
10.0,B-4,No.,[Enterprise-E engineering laboratory],
10.0,DATA,Do you know the name of the Captain of this vessel?,[Enterprise-E engineering laboratory],
10.0,B-4,Captain? ...No.,[Enterprise-E engineering laboratory],
10.0,LAFORGE,"Data, he's assimilating a lot of programming. Remember, he's a prototype, a lot less sophisticated than you are. We just don't know if his matrix will be able to adapt. We really need to give him some time.",[Enterprise-E engineering laboratory],
10.0,DATA,"Geordi, what purpose does this serve?",[Enterprise-E engineering laboratory],
10.0,LAFORGE,What?,[Enterprise-E engineering laboratory],
10.0,DATA,This.,[Enterprise-E engineering laboratory],
10.0,LAFORGE,That's a redundant memory port. Maybe the provisional memory storage is in case his neural pathways overload? ...Do you mind if I keep him here for a while. ...Run a few diagnostics?,[Enterprise-E engineering laboratory],
10.0,DATA,"No, I do not mind.",[Enterprise-E engineering laboratory],
10.0,B-4,Data...,[Enterprise-E engineering laboratory],
10.0,DATA,No! You must remain with Commander La Forge. He is going to try to and help you.,[Enterprise-E engineering laboratory],
10.0,,,[Enterprise-E engineering laboratory],
11.0,,,[Enterprise-E bridge],
11.0,PICARD,Counselor?,[Enterprise-E bridge],"Captain's log, stardate 56844.9. The Enterprise has arrived at Romulus and is waiting at the designated coordinates. All our hails have gone unanswered. We've been waiting for seventeen hours."
11.0,TROI,"They're out there, sir.",[Enterprise-E bridge],
11.0,WORF,"Captain, I recommend we raise shields.",[Enterprise-E bridge],
11.0,PICARD,"Not yet, Mister Worf.",[Enterprise-E bridge],
11.0,RIKER,"Captain, with all due respect to diplomatic protocol, ...the Federation Council isn't sitting out here, we are.",[Enterprise-E bridge],
11.0,PICARD,Patience. Diplomacy is a very exacting occupation. We will wait.,[Enterprise-E bridge],
11.0,DATA,Captain.,[Enterprise-E bridge],
11.0,,,[Enterprise-E bridge],
11.0,WORF,Raising shields.,[Enterprise-E bridge],
11.0,PICARD,No!,[Enterprise-E bridge],"(on the viewscreen the Scimitar, Shinzon's warbird, is seen to decloak)"
11.0,WORF,Captain!,[Enterprise-E bridge],
11.0,PICARD,"Tactical analysis, Mister Worf.",[Enterprise-E bridge],
11.0,WORF,"Fifty-two disruptor banks, twenty-seven photon torpedo bays, primary and secondary shields.",[Enterprise-E bridge],
11.0,PICARD,She's a predator.,[Enterprise-E bridge],
11.0,WORF,We are being hailed.,[Enterprise-E bridge],
11.0,PICARD,On screen.,[Enterprise-E bridge],
11.0,VICEROY (on viewscreen),"Enterprise. We ...are the Reman warbird, Scimitar.",[Enterprise-E bridge],
11.0,PICARD,"Praetor Shinzon, I am pleased to...",[Enterprise-E bridge],
11.0,VICEROY (on viewscreen),I am not Shinzon. I am his Viceroy. We are sending transport coordinates.,[Enterprise-E bridge],
11.0,RIKER,Not very chatty.,[Enterprise-E bridge],
11.0,PICARD,Away team to transporter room four.,[Enterprise-E bridge],
12.0,,,[Scimitar - Praetor's chamber],
12.0,SHINZON (OC),I hope you'll forgive the darkness. ...We're not comfortable in the light.,[Scimitar - Praetor's chamber],
12.0,PICARD,Praetor Shinzon?,[Scimitar - Praetor's chamber],
12.0,SHINZON,"Captain Picard. ...Jean Luc Picard. ...I'd always imagined you taller. Isn't that odd? ...You may scan me without subterfuge, Commander Data.",[Scimitar - Praetor's chamber],
12.0,PICARD,You are not as we imagined you.,[Scimitar - Praetor's chamber],
12.0,SHINZON,No?,[Scimitar - Praetor's chamber],
12.0,WORF,You are human.,[Scimitar - Praetor's chamber],
12.0,PICARD (OC),Why have you asked us to come here?,[Scimitar - Praetor's chamber],
12.0,PICARD,Praetor?,[Scimitar - Praetor's chamber],
12.0,SHINZON,I have never met a human woman.,[Scimitar - Praetor's chamber],
12.0,TROI,I'm only half human.,[Scimitar - Praetor's chamber],
12.0,SHINZON,"Deanna Troi, ...of Betazed. Empathic, telepathic abilities, ship's counselor. All this I knew. But I didn't know you were so ...beautiful.",[Scimitar - Praetor's chamber],
12.0,RIKER,You seem quite familiar with our personnel.,[Scimitar - Praetor's chamber],
12.0,SHINZON,"Oh I am, Commander Riker. ...May I touch your hair?",[Scimitar - Praetor's chamber],
12.0,PICARD,"We came to Romulus on a matter we were assured was of great importance. If you have anything to say to us as representatives of the Federation, I suggest you do it now.",[Scimitar - Praetor's chamber],
12.0,SHINZON,"Yes, I'm sorry, Captain. There is so much we need to talk about.",[Scimitar - Praetor's chamber],
12.0,PICARD,I would be interested to know what we're talking about.,[Scimitar - Praetor's chamber],
12.0,SHINZON,"Unity, Captain! ...Tearing down the walls between us to recognise that we are one. ...I'm talking of the thing that makes us the same. ...Peace. We want peace. ...Right now, you're thinking this all sounds too good to be true? But you're also thinking that the chance of peace is too promising to ignore. ...Am I right?",[Scimitar - Praetor's chamber],
12.0,PICARD,Yes.,[Scimitar - Praetor's chamber],
12.0,SHINZON,Then perhaps it's time to add some illumination into our discussion. Computer. Raise the lighting four levels.,[Scimitar - Praetor's chamber],
12.0,,,[Scimitar - Praetor's chamber],
12.0,SHINZON,"When I was very young I was stricken with an odd disease. I developed a hypersensitivity to sound. Even the slightest whisper caused me agony. No one could do anything about it. Finally I was taken to a doctor who had some experience of Terran illnesses and he diagnosed me with Shalaft's syndrome. ...Do you know it, Captain?",[Scimitar - Praetor's chamber],
12.0,PICARD,...Yes.,[Scimitar - Praetor's chamber],(Picard is astounded by Shinzon's facial appearance)
12.0,SHINZON,"Then you know it's a very rare syndrome. Genetic. Apparently all the male members of a family have it. ...Eventually I was treated and now I can hear as well as you can, Captain. ...I can see as well as you can. I can feel everything you feel. ...In fact, I feel exactly ...what you feel. Don't I, Jean Luc? ...Come to dinner tomorrow on Romulus! Just the two of us. ...Or, should I say, just the one of us.",[Scimitar - Praetor's chamber],
12.0,,,[Scimitar - Praetor's chamber],
12.0,SHINZON,"I think you'll be wanting this. 'Til tomorrow then, Captain. We have much to discuss. ...Computer. Return lighting to previous level.",[Scimitar - Praetor's chamber],
13.0,,,[Enterprise-E sickbay],"(Shinzon draws a knife, cuts his hand and hands the knife, with the blood, to Data)"
13.0,CRUSHER,"There's no doubt, Captain, right down to your regressive strain of Shalaft's syndrome. He's a clone. ...They probably used a hair follicle or skin cell.",[Enterprise-E sickbay],
13.0,RIKER,Why?,[Enterprise-E sickbay],
13.0,PICARD,"I intend to find out, Number One. Inform Starfleet of the situation. I need to know where the hell he came from. ...Counselor.",[Enterprise-E sickbay],
14.0,,,[Romulan Senate building],
14.0,SURAN (OC),"We supported you, Shinzon, when you assassinated the Senate. You told us the timing was perfect for an attack on the Federation.",[Romulan Senate building],
14.0,,,[Romulan Senate building],
15.0,,,[Romulan Senate chamber],
15.0,SURAN (OC),I don't understand why now you delay.,[Romulan Senate chamber],
15.0,SHINZON,You don't have to understand.,[Romulan Senate chamber],
15.0,SURAN,And bringing the Enterprise here? What possible purpose could that serve?,[Romulan Senate chamber],
15.0,SHINZON,I have a purpose.,[Romulan Senate chamber],
15.0,SURAN,Then perhaps you will enlighten us?,[Romulan Senate chamber],
15.0,SHINZON,"Silence, Romulan! ...You really must learn patience, Commander. ...Spend eighteen",[Romulan Senate chamber],
15.0,,,[Romulan Senate chamber],
15.0,SHINZON,"Now go. ...Commander Donatra, ...please remain. ...There's a word I want you to consider. ...Allegiance. It's something I demand from those who serve me.",[Romulan Senate chamber],
15.0,DONATRA,Do I serve you?,[Romulan Senate chamber],hours every day under the lash of a Romulan guard and you'll soon understand patience.
15.0,SHINZON,"Yes, and I think, faithfully. ...Commander Suran on the other hand gives me pause.",[Romulan Senate chamber],
15.0,DONATRA,"Here's another word, Praetor. ...Trust. ...Do you trust me? ...How far does that trust extend? ...How deep does it go? ...What must a commander do to prove herself faithful to you? ...What must a woman do?",[Romulan Senate chamber],
15.0,,,[Romulan Senate chamber],
15.0,SHINZON,You are not a woman. You are a Romulan! Serve me faithfully and you will be rewarded. ...Keep those lovely eyes on Commander Suran. And at the first sign of treachery...,[Romulan Senate chamber],
15.0,DONATRA,...dispose of him.,[Romulan Senate chamber],(Shinzon grabs her wrist and pulls her face close to his)
15.0,SHINZON,Then you will have proven yourself.,[Romulan Senate chamber],
15.0,,,[Romulan Senate chamber],
15.0,SHINZON,Now go. ...And Commander! ...If you ever touch me again ...I'll kill you.,[Romulan Senate chamber],
15.0,,,[Romulan Senate chamber],(Shinzon releases her)
16.0,,,[Data's quarters],
16.0,,,[Data's quarters],(Shinzon seems to have a minor seizure. Donatra turns to see the Viceroy putting his hand on Shinzon's chest.)
17.0,,,[Romulan Senate chamber],
17.0,SHINZON,"The Romulans had somehow gained possession of your DNA and I had been created, and when I was ready they were going to replace you with me. Put a Romulan agent at the heart of Starfleet. It was a bold plan.",[Romulan Senate chamber],(B-4 is sitting in a chair stroking Spot. The console bleeps and he goes to it and begins to type at a very fast rate)
17.0,PICARD,What happened?,[Romulan Senate chamber],
17.0,SHINZON,"As happens frequently here on Romulus, a new government came to power. They decided to abandon the plan. They were afraid that I might be discovered and that it would lead to war. ...Not quite the face you remember.",[Romulan Senate chamber],
17.0,PICARD,Not quite.,[Romulan Senate chamber],
17.0,SHINZON,"A lifetime of violence will do that. They broke my nose, my jaw. ...But",[Romulan Senate chamber],
17.0,,,[Romulan Senate chamber],
17.0,PICARD,Yes.,[Romulan Senate chamber],
17.0,SHINZON,"Our eyes reflect our lives, don't they? And yours, so confident!",[Romulan Senate chamber],"so much is the same. The eyes, surely you recognise the eyes."
17.0,PICARD,So I'm not as tall as you expected?,[Romulan Senate chamber],
17.0,SHINZON,I had always hoped I would be two metres.,[Romulan Senate chamber],
17.0,PICARD,As had I.,[Romulan Senate chamber],
17.0,PICARD,How did you end up on Remus?,[Romulan Senate chamber],
17.0,SHINZON,They sent me there to die. How could a mere human survive...,[Romulan Senate chamber],
18.0,,,[Romulan Senate building - night ...and into the dilithium mines montage],
18.0,SHINZON (OC),"...the dilithium mines? Not that it mattered, as I was no longer part of their plans against the Federation. In those terrible depths lived only the damned. Together with the Reman slaves I was condemned to an existence of unceasing labour and starvation under the brutal heel of the Romulan guards. Only the very strongest had any hope of survival. I was only a child when they took me.",[Romulan Senate building - night ...and into the dilithium mines montage],
19.0,,,[Romulan Senate chamber],
19.0,SHINZON,...Then I didn't see the sun or stars again for nearly ten years. The only thing the Romulan guards hated more than the Remans...,[Romulan Senate chamber],
20.0,,,[...back to the dilithium mines montage],
20.0,SHINZON (OC),"...was me. But one man took pity on me. ...The man that became my Viceroy. He protected me from the cruelty of the guards. He taught me how to survive. And in that dark place where there was nothing of myself, I found my Reman brothers.",[...back to the dilithium mines montage],
21.0,,,[Romulan Senate chamber],
21.0,SHINZON,They showed me the only true kindness I had ever known.,[Romulan Senate chamber],
21.0,PICARD,You're doing this to liberate the Remans.,[Romulan Senate chamber],
21.0,SHINZON,That is the single thought behind everything I have done. From building the Scimitar at a secret base to assembling my army. Finally coming to Romulus in force. I knew they would never give us our freedom. I would have to take it!,[Romulan Senate chamber],
21.0,PICARD,But how many Romulans died for your freedom?,[Romulan Senate chamber],
21.0,SHINZON,Too many. But the point is finally the Empire is realising there is a better way. And that way is peace. ...You don't trust me.,[Romulan Senate chamber],
21.0,PICARD,I have no reason to.,[Romulan Senate chamber],
21.0,SHINZON,"You have every reason. If you had lived my life and experienced the suffering of my people, you'd be standing where I am.",[Romulan Senate chamber],
21.0,PICARD,If you had lived my life you would understand my responsibility to the Federation. I cannot allow my personal feelings to unduly influence my decisions.,[Romulan Senate chamber],
21.0,SHINZON,All I have are my personal feelings. I want to know what it means to be human. The Remans have given me a future. You can tell me about my past.,[Romulan Senate chamber],
21.0,PICARD,I can tell you about my past.,[Romulan Senate chamber],
21.0,SHINZON,Were we Picards always warriors?,[Romulan Senate chamber],
21.0,PICARD,I think of myself as an explorer.,[Romulan Senate chamber],
21.0,SHINZON,"Well, were we always explorers?",[Romulan Senate chamber],
21.0,PICARD,"I was the first Picard to leave our solar system. It caused quite a stir in the family, but I'd spent my youth...",[Romulan Senate chamber],
21.0,SHINZON,"...looking up at the stars, dreaming about what was up there, about...",[Romulan Senate chamber],
21.0,PICARD,"...new worlds. ...I'm trying to believe you, Shinzon. ...If there is one ideal the Federation holds most dear is that all men, all races, can be united. ...What better example. A Starfleet captain standing in the Romulan Senate. ...Nothing would make me more proud than to take your hand in friendship. In time, ...when that trust has been earned.",[Romulan Senate chamber],
22.0,,,[Enterprise-E bridge],
22.0,WORF,"Sir, we have had an unauthorised access into the main computer.",[Enterprise-E bridge],
22.0,PICARD,Source?,[Enterprise-E bridge],
22.0,LAFORGE,"It's going to take some time to figure that out, Captain. The data stream was rerouted through substations all over the ship.",[Enterprise-E bridge],
22.0,PICARD,What programs were accessed?,[Enterprise-E bridge],
22.0,LAFORGE,"Well, ...that's what I can't figure out. It's mostly just basic stellar cartography, star charts, communications protocols, uplinks from colony tracking stations. It's not even restricted material.",[Enterprise-E bridge],
22.0,PICARD,Nevertheless we must learn the source. Keep me informed.,[Enterprise-E bridge],
22.0,LAFORGE,"Captain, there is something else. I was reviewing the sensor logs. Look at this! When the Scimitar decloaked there was a momentary spike in the tertiary EM band. There! ...You're not going to believe this. It's thalaron.",[Enterprise-E bridge],
23.0,,,[Enterprise-E sickbay],
23.0,PICARD,I thought thalaron radiation was theoretical.,[Enterprise-E sickbay],
23.0,LAFORGE,Which is why our initial scans didn't pick it up. He's got it.,[Enterprise-E sickbay],
23.0,PICARD,Thalaron research was banned in the Federation because of its bioqenic properties.,[Enterprise-E sickbay],
23.0,CRUSHER,"It has the ability to consume organic material at the subatomic level. I can't overestimate the danger of thalaron radiation, Jean Luc. A microscopic amount could kill every living thing on this ship in a matter of seconds.",[Enterprise-E sickbay],
23.0,PICARD,I understand. Keep on it. I want to know what he has and how to neutralise any threat.,[Enterprise-E sickbay],
23.0,,,[Enterprise-E sickbay],
24.0,,,[Romulan Senate chamber],
24.0,VICEROY,This was a mistake. We're wasting time.,[Romulan Senate chamber],...I need options.
24.0,SHINZON,My ..time and I shall spend it how I choose.,[Romulan Senate chamber],
24.0,VICEROY,"Do not forget our mission, Shinzon. We must act. Now!",[Romulan Senate chamber],
24.0,SHINZON,We'll return to the Scimitar. I was merely curious about him.,[Romulan Senate chamber],
25.0,,,[Picard's quarters],
25.0,,,[Picard's quarters],
25.0,PICARD,"Come. ...Beverly, come in. ...Remember him?",[Picard's quarters],
25.0,CRUSHER,He was a bit cocky as I recall.,[Picard's quarters],"(Picard is looking at a photograph of himself as a Starfleet cadet, Shinzon's double)"
25.0,PICARD,"He was a damn fool. Selfish, ambitious, very much in need of seasoning.",[Picard's quarters],
25.0,CRUSHER,He turned out all right.,[Picard's quarters],
25.0,PICARD,"I really wanted to believe Shinzon. ...But this thalaron radiation just can't be explained away. ...Whatever he's after, it isn't peace.",[Picard's quarters],
25.0,CRUSHER (OC),Is he very much the way you were?,[Picard's quarters],
25.0,PICARD,...Oh yes.,[Picard's quarters],
25.0,DATA (on intercom),Data to Captain Picard.,[Picard's quarters],
25.0,PICARD,"Go ahead, Data.",[Picard's quarters],
26.0,,,[Enterprise-E engineering],
26.0,DATA,"Captain, Geordi and I have identified the source of the unauthorised computer access. And, I believe, we have found a way to gain a tactical advantage.",[Enterprise-E engineering],
26.0,PICARD (on intercom),On my way.,[Enterprise-E engineering],
27.0,,,[The Riker's quarters],
27.0,TROI,"Will, as ship's counselor I recommend you come and get some sleep.",[The Riker's quarters],
27.0,RIKER,Some honeymoon!,[The Riker's quarters],
27.0,TROI,Come to bed.,[The Riker's quarters],
27.0,,,[The Riker's quarters],
27.0,RIKER,Imzadi.,[The Riker's quarters],
27.0,,,[The Riker's quarters],(they go to bed)
27.0,SHINZON,Imzadi. ...He can never know you as I can. He can never touch you as I can.,[The Riker's quarters],
27.0,TROI,This isn't real!,[The Riker's quarters],"(Troi suddenly believes it is Shinzon, not Riker and recoils)"
27.0,SHINZON,Feel my lips.,[The Riker's quarters],
28.0,,,[Romulan Senate chamber],
28.0,,,[Romulan Senate chamber],
29.0,,,[The Riker's quarters],
29.0,,,[The Riker's quarters],(Shinzon is kneeling and the Viceroy stands behind him with his hands on Shinzon's head)
29.0,VICEROY,"I'm with you, Imzadi. I'll always be with you now.",[The Riker's quarters],
29.0,TROI,This isn't real!,[The Riker's quarters],(Troi's perception of Shinzon morphs into the Viceroy)
29.0,RIKER,What's the matter?,[The Riker's quarters],
29.0,TROI,No!,[The Riker's quarters],
29.0,RIKER,Deanna? ...Deanna? ...Deanna!,[The Riker's quarters],
29.0,TROI,No!,[The Riker's quarters],
30.0,,,[Romulan Senate chamber],
30.0,VICEROY,The bond has been broken.,[Romulan Senate chamber],
30.0,SHINZON,Find her again.,[Romulan Senate chamber],
30.0,REMAN OFFICER,"Praetor, we've received the transponder signal.",[Romulan Senate chamber],
30.0,,,[Romulan Senate chamber],
30.0,VICEROY,It's accelerating. You have no more time for games.,[Romulan Senate chamber],
30.0,SHINZON,Have the doctors prepare.,[Romulan Senate chamber],(Shinzon has another turn)
31.0,,,[Romulan Senate chamber transporter room],
31.0,SHINZON,Transport!,[Romulan Senate chamber transporter room],
31.0,,,[Romulan Senate chamber transporter room],
31.0,SHINZON,Begin the download.,[Romulan Senate chamber transporter room],
31.0,,,[Romulan Senate chamber transporter room],(B-4 materialises)
31.0,SHINZON,"Tea, ...hot.",[Romulan Senate chamber transporter room],
32.0,,,[Enterprise-E sickbay],(Reman engineers open a panel in B-4's neck and connect him to a computer using the redundant memory port)
32.0,CRUSHER,"Aside from slightly elevated levels of adrenalin and serotonin, you're completely normal.",[Enterprise-E sickbay],
32.0,PICARD,"Deanna, can you describe it?",[Enterprise-E sickbay],
32.0,TROI,It was a... It was a violation. ...Shinzon's Viceroy seems to have the ability to reach into my thoughts. I've become a liability. I request to be relieved of my duties.,[Enterprise-E sickbay],
32.0,PICARD,"Permission denied. If you can endure more of these assaults, I need you at my side now, more than ever. The Enterprise is far from Federation space and...",[Enterprise-E sickbay],
32.0,,,[Enterprise-E sickbay],
32.0,RIKER,Worf! Shields up!,[Enterprise-E sickbay],
32.0,,,[Enterprise-E sickbay],(Picard is beamed out)
33.0,,,[Scimitar brig],
33.0,SHINZON,"Hello, Jean Luc.",[Scimitar brig],(the Scimitar cloaks)
33.0,PICARD (OC),Why am I here? Why have you done this?,[Scimitar brig],
33.0,SHINZON,I was lonely.,[Scimitar brig],
33.0,PICARD,What are you going to do?,[Scimitar brig],
33.0,SHINZON,"I need a sample of your blood. ...What is it your Borg friends say? Resistance is futile. ...Oh yes, The android. The bait you couldn't refuse.",[Scimitar brig],
33.0,PICARD,All of this so you could capture me?,[Scimitar brig],
33.0,SHINZON,"Don't be so vain. After we found it, we had to make a few modifications. An extra memory port. A hidden transponder. I've now gained access to Starfleet's communications protocols. I now know the exact location of your entire fleet. ...You may go.",[Scimitar brig],
33.0,B-4,Where?,[Scimitar brig],
33.0,SHINZON,Out of my sight.,[Scimitar brig],
33.0,PICARD,What is all this about?,[Scimitar brig],
33.0,SHINZON,"It's about destiny, Picard. It's about a Reman outcast...",[Scimitar brig],
33.0,PICARD,You're not Reman.,[Scimitar brig],
33.0,SHINZON,And I'm not quite human. So what am I? My life is meaningless as long as you're still alive. What am I while you exist? A shadow? An echo?,[Scimitar brig],
33.0,PICARD,If your issues are with me then deal with me. This has nothing to do with my ship. Nothing to do with the Federation.,[Scimitar brig],
33.0,SHINZON,"Oh, but it does. We will no longer bow before anyone as slaves. Not the Romulans and not your mighty Federation. We ...are a race bred for war. And conquest.",[Scimitar brig],
33.0,PICARD,Are you ready to plunge the entire Quadrant into war to satisfy your own personal demons?,[Scimitar brig],
33.0,SHINZON,It amazes me how little you know yourself.,[Scimitar brig],
33.0,PICARD,I'm incapable of such an act.,[Scimitar brig],
33.0,SHINZON,"You are me! ...The same noble Picard blood pumps through our veins. Had you lived my life, you'd be doing exactly as I am. So look in the mirror, See yourself. ...Consider that, Captain. I can think of no greater I torment for you.",[Scimitar brig],
33.0,PICARD,"Shinzon, ...I'm a mirror for you as well.",[Scimitar brig],
33.0,SHINZON,"Not for long, Captain. ...I'm afraid you won't survive to witness the victory of the echo over the voice.",[Scimitar brig],
34.0,,,[Enterprise-E bridge],
34.0,LAFORGE,"His cloak is perfect. ...No tachyon emissions, no residual antiprotons.",[Enterprise-E bridge],
34.0,RIKER,"Keep at it, Geordi. Find a way in.",[Enterprise-E bridge],
35.0,,,[Scimitar brig],
35.0,B-4,Praetor Shinzon needs the prisoner.,[Scimitar brig],
35.0,,,[Scimitar brig],
35.0,PICARD,"About time, Mister Data!",[Scimitar brig],
35.0,DATA,"My mission was a success, sir. I have located the source of the radiation. This entire ship is essentially a thalaron generator. It's power relays lead to an activation matrix on the bridge.",[Scimitar brig],(B-4 disables the Reman guard)
35.0,PICARD,It's a weapon?,[Scimitar brig],
35.0,DATA,It would appear so.,[Scimitar brig],
35.0,PICARD,What about the download?,[Scimitar brig],
35.0,DATA,Shinzon believes he has our communication protocols. They will give him inaccurate locations for all Starfleet vessels.,[Scimitar brig],
35.0,PICARD,Good work.,[Scimitar brig],
35.0,DATA,"Sir, ...Geordi supplied me with the prototype for the emergency transport unit. I recommend you use it, sir, to return to the Enterprise.",[Scimitar brig],
35.0,PICARD,It will only work for one of us.,[Scimitar brig],
35.0,DATA,Yes sir.,[Scimitar brig],
35.0,PICARD,"We'll find a way off, together.",[Scimitar brig],
36.0,,,[Scimitar bridge],
36.0,VICEROY,It is time for the procedure.,[Scimitar bridge],
37.0,,,[Scimitar corridor],
37.0,DATA,"Move, puny human animal.",[Scimitar corridor],
37.0,PICARD,"A bit less florid, Data.",[Scimitar corridor],
38.0,,,[Scimitar brig],
38.0,,,[Scimitar brig],
38.0,SHINZON,Kill him.,[Scimitar brig],
39.0,,,[Scimitar corridor],(Shinzon sees the stunned guard)
39.0,,,[Scimitar corridor],
39.0,DATA,"This way, sir! There is a shuttlebay ninety-four metres from our current position.",[Scimitar corridor],
39.0,,,[Scimitar corridor],(a klaxon begins to sound)
39.0,DATA,"There it is, sir!",[Scimitar corridor],
39.0,PICARD,Go!,[Scimitar corridor],(they encounter some guards and a firefight develops)
39.0,,,[Scimitar corridor],
39.0,PICARD,Data!,[Scimitar corridor],
39.0,DATA,It appears to have an encrypted security system.,[Scimitar corridor],"(while Data tries to access the shuttlebay, Picard attempts to hold off the attackers)"
39.0,PICARD,"Alacrity would be appreciated, Commander.",[Scimitar corridor],
39.0,DATA,Reman is really a most complex language with pictographs representing certain verb roots...,[Scimitar corridor],
39.0,PICARD,"While I find that fascinating, Data, we really need that door open!",[Scimitar corridor],
39.0,,,[Scimitar corridor],
40.0,,,[Scimitar shuttlebay],
40.0,DATA,According to the ship's manifest they are Scorpion-class attack fliers.,[Scimitar shuttlebay],(the doors open and once inside Picard uses his disruptor to weld the doors together)
41.0,,,[Scorpion cockpit],
41.0,PICARD,"Data, what do you imagine this is?",[Scorpion cockpit],
41.0,DATA,"Port thruster, sir. Would you like me to drive, sir?",[Scorpion cockpit],
41.0,PICARD,"Data, can you open the shuttlebay doors?",[Scorpion cockpit],
41.0,DATA,"Negative, sir. They have erected a forcefield around the external portals.",[Scorpion cockpit],
41.0,PICARD,"Well then, ...only one way to go.",[Scorpion cockpit],
41.0,DATA,"Do you think this is a wise course of action, sir?",[Scorpion cockpit],
41.0,PICARD,"We're about to find out, Data. ...Power up the disruptors.",[Scorpion cockpit],
41.0,DATA,"Ready, Captain.",[Scorpion cockpit],
41.0,PICARD,Fire!,[Scorpion cockpit],
41.0,,,[Scorpion cockpit],
42.0,,,[Scimitar corridors],
42.0,,,[Scimitar corridors],(the Scorpion's disruptors blast open the doors to the corridor and the Scorpion exits)
43.0,,,[Scimitar bridge],
43.0,SHINZON,"Tractor beam, now!",[Scimitar bridge],"(Picard negotiates the Scorpion through the Scimitar, smashes into the Praetor's chamber and out through the circular window)"
44.0,,,[Enterprise-E bridge],
44.0,RIKER,Worf! Lock on transporter!,[Enterprise-E bridge],
44.0,WORF,"I have them, sir.",[Enterprise-E bridge],
44.0,,,[Enterprise-E bridge],
45.0,,,[Romulan Senate chamber],
45.0,SURAN,This has gone far enough!,[Romulan Senate chamber],(the Enterprise warps out of orbit)
45.0,SHINZON (on viewscreen),"I thought we'd discussed patience, Commander.",[Romulan Senate chamber],
46.0,,,[Scimitar bridge],
46.0,SURAN (on viewscreen),Mine is wearing thin! We supported you because you promised action. And yet you delay.,[Scimitar bridge],
46.0,SHINZON,"The Enterprise is immaterial! They won't even make it out of the Neutral Zone, ...and in two days the Federation will be crippled beyond repair. Does that satisfy you?",[Scimitar bridge],
47.0,,,[Romulan Senate chamber],
47.0,SURAN,For the moment.,[Romulan Senate chamber],
47.0,SHINZON (on viewscreen),"And when I return, you and I shall have a little talk about showing proper respect!",[Romulan Senate chamber],
47.0,TAL'AURA,What's happening to his face?,[Romulan Senate chamber],
47.0,DONATRA,"Commander, a moment. Are you truly prepared to have your hands drenched in blood? He's not planning to defeat Earth. He's planning its annihilation. ...And his sins will mark us and our children for generations.",[Romulan Senate chamber],
48.0,,,[Enterprise-E ready room],
48.0,CRUSHER,"The more I studied his DNA the more confusing it got. Finally I could only come to one conclusion. ...Shinzon was created with temporal RNA sequencing. He was designed so that at a certain point, his aging process could be accelerated to reach your age more quickly. He was going to need to skip thirty years of his life, but when the temporal sequencing wasn't activated his cellular structure started breaking down. ...He's dying.",[Enterprise-E ready room],
48.0,PICARD,Dying? ...Can anything be done for him?,[Enterprise-E ready room],
48.0,CRUSHER,Nothing except a complete transfusion from the only donor with compatible DNA. ...You.,[Enterprise-E ready room],
48.0,PICARD,How long does he have?,[Enterprise-E ready room],
48.0,CRUSHER,"Well I can't say for sure, ...but the rate of decay seems to be accelerating.",[Enterprise-E ready room],
48.0,PICARD,...Then he'll come for me.,[Enterprise-E ready room],
49.0,,,[Data's quarters],
49.0,,,[Data's quarters],
49.0,B-4,"Brother, ...I ...cannot move.",[Data's quarters],
49.0,DATA,"No, I have only activated your cognitive and communication subroutines.",[Data's quarters],(B-4 is standing in a restraint. Data activates him with a jewellers screwdriver)
49.0,B-4,Why?,[Data's quarters],
49.0,DATA,Because you are dangerous.,[Data's quarters],
49.0,B-4,Why?,[Data's quarters],
49.0,DATA,You have been programmed to gather information that can be used against this ship.,[Data's quarters],
49.0,B-4,I ...do not ...understand.,[Data's quarters],
49.0,DATA,I know. ...Do you know anything about Shinzon's plans against the Federation?,[Data's quarters],
49.0,B-4,No.,[Data's quarters],
49.0,DATA,Do you have any knowledge of the tactical abilities of his ship?,[Data's quarters],
49.0,B-4,No. ...Can I move now?,[Data's quarters],
49.0,DATA,No.,[Data's quarters],
49.0,B-4,What are you doing?,[Data's quarters],
49.0,DATA,I must deactivate you.,[Data's quarters],
49.0,B-4,For how long?,[Data's quarters],
49.0,DATA,...Indefinitely.,[Data's quarters],
49.0,B-4,How long is that?,[Data's quarters],
49.0,DATA,"...A long time, brother.",[Data's quarters],
50.0,,,[Enterprise-E observation lounge],
50.0,LAFORGE,"It's called a cascading biogenic pulse. The unique properties of thalaron radiation allow the energy beam to expand almost without limit. Depending on the radiant intensity it could encompass a ship, ...or a planet.",[Enterprise-E observation lounge],
50.0,PICARD,He could only have built a weapon of such scope for one reason. He's going after Earth.,[Enterprise-E observation lounge],
50.0,TROI,How can you be certain?,[Enterprise-E observation lounge],
50.0,PICARD,I know how he thinks.,[Enterprise-E observation lounge],
50.0,RIKER,Destroy humanity. You cripple the Federation.,[Enterprise-E observation lounge],
50.0,PICARD,The Romulans invade...,[Enterprise-E observation lounge],
50.0,RIKER,No way of penetrating his cloak?,[Enterprise-E observation lounge],
50.0,LAFORGE,No.,[Enterprise-E observation lounge],
50.0,RIKER,So he could pass within ten metres of every ship in Starfleet and they'd never know.,[Enterprise-E observation lounge],
50.0,CRUSHER,We do have one advantage though. He needs your blood to live. He might come after you first.,[Enterprise-E observation lounge],
50.0,PICARD,I'm counting on it. We've been ordered to head to sector ten forty-five. Our fleet has diverted to meet us there.,[Enterprise-E observation lounge],
50.0,RIKER,Strength in numbers?,[Enterprise-E observation lounge],
50.0,PICARD,At least that's what we hope. ...He must not be allowed to use that weapon. All other concerns are secondary. ...You understand me?,[Enterprise-E observation lounge],
50.0,RIKER,Yes sir.,[Enterprise-E observation lounge],
50.0,PICARD,All hands. Battle stations!,[Enterprise-E observation lounge],
51.0,,,[Enterprise-E engineering],
51.0,LAFORGE,Initiate the forcefield!,[Enterprise-E engineering],
51.0,,,[Enterprise-E engineering],
52.0,,,[Scimitar bridge],
52.0,,,[Scimitar bridge],"Captain's Personal log, supplemental. We're heading toward Federation space at maximum warp. The crew has responded with the dedication I've come to expect of them. And like a thousand other commanders on a thousand other battlefields, I wait for the dawn."
52.0,SHINZON,How long?,[Scimitar bridge],
52.0,VICEROY,A matter of hours. We must begin the procedure now.,[Scimitar bridge],(the Viceroy puts his hand on Shinzon's chest)
52.0,SHINZON,How long until we reach the Rift?,[Scimitar bridge],
52.0,VICEROY,Seven minutes.,[Scimitar bridge],
52.0,,,[Scimitar bridge],
53.0,,,[Enterprise-E Astrometrics],
53.0,PICARD,"Data, what's our current position? ...How soon until we reach the fleet?",[Enterprise-E Astrometrics],(the Scimitar is in immediate pursuit of the Enterprise)
53.0,DATA,At our current velocity we will arrive at sector ten forty-five in approximately forty minutes.,[Enterprise-E Astrometrics],
53.0,PICARD,'For now we see but through a glass darkly',[Enterprise-E Astrometrics],
53.0,DATA,Sir?,[Enterprise-E Astrometrics],
53.0,PICARD,He said he's a mirror.,[Enterprise-E Astrometrics],
53.0,DATA (OC),"Of you, sir?",[Enterprise-E Astrometrics],
53.0,PICARD,Yes.,[Enterprise-E Astrometrics],
53.0,DATA,"I do not agree. Although you share the same genetic structure, the events of your life have created a unique individual.",[Enterprise-E Astrometrics],
53.0,PICARD,"If I had lived his life, is it possible I would have rejected my humanity?",[Enterprise-E Astrometrics],
53.0,DATA,"The B-4 is physically identical to me, although his neural pathways are not as advanced. But even if they were, he would not be me.",[Enterprise-E Astrometrics],
53.0,PICARD,How can you be sure?,[Enterprise-E Astrometrics],
53.0,DATA,"I aspire, sir, to be better than I am. B-4 does not. Nor does Shinzon.",[Enterprise-E Astrometrics],
53.0,DATA,We are passing through the Bassen Rift. The projection will return when we have cleared it.,[Enterprise-E Astrometrics],
53.0,PICARD,It's interfering with our uplink from Starfleet cartography?,[Enterprise-E Astrometrics],
53.0,DATA,The Rift effects all long-range communications.,[Enterprise-E Astrometrics],
53.0,PICARD,Commander Riker! Evasive maneuvers!,[Enterprise-E Astrometrics],
53.0,,,[Enterprise-E Astrometrics],
54.0,,,[Scimitar bridge],
54.0,SHINZON,Target weapons systems and shields. I don't want the Enterprise destroyed.,[Scimitar bridge],(the Enterprise is hit and more photon torpedoes streak towards it)
54.0,,,[Scimitar bridge],
54.0,SHINZON,"Can you learn to see in the dark, Captain?",[Scimitar bridge],
55.0,,,[Enterprise-E bridge],(hits on the Enterprise take down the warp core and the Scimitar decloaks)
55.0,PICARD,Report.,[Enterprise-E bridge],
55.0,RIKER,He's firing through the cloak. We can't get a lock.,[Enterprise-E bridge],
55.0,LAFORGE,"He hit our warp drive with his first shot. We've only got impulse, Captain.",[Enterprise-E bridge],
55.0,PICARD,"Mister Worf, prepare a full phaser spread, zero elevation. All banks on my mark. Scan for shield impacts. Stand by photon torpedoes.",[Enterprise-E bridge],
55.0,WORF,Aye sir.,[Enterprise-E bridge],
55.0,PICARD,Fire!,[Enterprise-E bridge],
55.0,,,[Enterprise-E bridge],
56.0,,,[Scimitar bridge],
56.0,SHINZON,"You're too slow, old man. Attack pattern Shinzon Theta.",[Scimitar bridge],(the Scimitar cloaks again)
57.0,,,[Enterprise-E bridge],
57.0,DATA,We are losing dorsal shields.,[Enterprise-E bridge],
57.0,PICARD,Full axis rotation to port! Fire all ventral phasers!,[Enterprise-E bridge],
57.0,WORF,Minimal damage to the Scimitar.,[Enterprise-E bridge],
57.0,RIKER,"Defensive pattern Kirk Epsilon. Get the shields online, Geordi.",[Enterprise-E bridge],
57.0,LAFORGE,I'm already on it.,[Enterprise-E bridge],
57.0,PICARD,"Counselor Troi, report to the bridge.",[Enterprise-E bridge],
57.0,WORF,"Captain, we are being hailed.",[Enterprise-E bridge],
57.0,PICARD,On screen.,[Enterprise-E bridge],
57.0,SHINZON (on viewscreen),"Captain Picard, will you join me in your ready room?",[Enterprise-E bridge],
58.0,,,[Enterprise-E ready room],
58.0,SHINZON,"You can't trace my holographic emitters, Captain, so don't bother. And you can't contact Starfleet. It's just the two of us now, Jean-Luc. ...As it should be.",[Enterprise-E ready room],
58.0,PICARD,Why are you here?,[Enterprise-E ready room],
58.0,SHINZON,To accept your surrender. I can clearly destroy you at any time. Lower your shields and I'll allow you to transport to my ship.,[Enterprise-E ready room],
58.0,PICARD,And the Enterprise?,[Enterprise-E ready room],
58.0,SHINZON,"I have little interest in your quaint vessel, Captain.",[Enterprise-E ready room],
58.0,PICARD,"Look at me, Shinzon. ...Your heart, your hands, your eyes are the same as mine. The blood pumping within you, the raw material is the same. We have the same potential.",[Enterprise-E ready room],
58.0,SHINZON,"That's the past, Captain.",[Enterprise-E ready room],
58.0,PICARD,"It can be the future. Buried deep within you, beneath all the years of pain and anger there is there is something that has never been nurtured. The potential to make yourself a better man, and that is what it is to be human. To make yourself more than you are. ...Oh yes, I know you. ...There was a time you looked at the stars and dreamed of what might be.",[Enterprise-E ready room],
58.0,SHINZON,"Childish dreams, Captain, lost in the dilithium mines of Remus. I am what you see now.",[Enterprise-E ready room],
58.0,PICARD,I see more than that. I see what you could be. ...The man who is Shinzon of Remus and Jean Luc Picard could never exterminate the population of an entire planet! He is better than that!,[Enterprise-E ready room],
58.0,SHINZON,He's what his life has made him!,[Enterprise-E ready room],
58.0,PICARD,And what will he do with that life? Waste it in a blaze of hatred? There is a better way.,[Enterprise-E ready room],
58.0,SHINZON,It's too late.,[Enterprise-E ready room],
58.0,PICARD,Never! Never! You still have a choice! Make the right one now!,[Enterprise-E ready room],
58.0,SHINZON,I can't ...fight what I am!,[Enterprise-E ready room],
58.0,PICARD,Yes you can!,[Enterprise-E ready room],
58.0,SHINZON,"I'll show you my true nature. Our nature. And as Earth dies, remember that I will always, forever, be Shinzon of Remus! And my voice shall echo through time long after yours has faded to the dim memory.",[Enterprise-E ready room],
59.0,,,[Scimitar bridge],
59.0,REMAN OFFICER,"Two ships decloaking, sir! Romulan!",[Scimitar bridge],
60.0,,,[Enterprise-E bridge],
60.0,RIKER,Captain! ...Just when I thought this couldn't get any worse.,[Enterprise-E bridge],
60.0,WORF (OC),We are being hailed.,[Enterprise-E bridge],
60.0,PICARD,On screen.,[Enterprise-E bridge],
60.0,DONATRA (on viewscreen),"Captain Picard, Commander Donatra of the warbird Valdore. Might we be of assistance?",[Enterprise-E bridge],
60.0,PICARD,Assistance?,[Enterprise-E bridge],
60.0,DONATRA (on viewscreen),The Empire considers this a matter of internal security. We regret you've become involved.,[Enterprise-E bridge],
60.0,PICARD,"Commander, when this is over, I owe you a drink.",[Enterprise-E bridge],
60.0,,,[Enterprise-E bridge],
60.0,,,[Enterprise-E bridge],
60.0,PICARD,You heard the lady. Let's go to work.,[Enterprise-E bridge],(the Valdore rocks from a blast)
61.0,,,[Enterprise-E bridge],"DONATRA (on viewscreen) Romulan ale, Captain. Let's get to work."
61.0,PICARD,"Mister Worf, coordinate our attack with the Valdore's tactical officer. Triangulate all fire on any shield impacts.",[Enterprise-E bridge],
61.0,WORF,Aye sir.,[Enterprise-E bridge],
61.0,DATA,Aft shields down to forty percent.,[Enterprise-E bridge],
61.0,RIKER,Keep our bow on the Scimitar. Auxiliary power to forward shields.,[Enterprise-E bridge],
61.0,LAFORGE,Aye sir.,[Enterprise-E bridge],
62.0,,,[Scimitar bridge],
62.0,SHINZON,Target the flanking warbird. All forward disruptor banks on my mark.,[Scimitar bridge],
62.0,,,[Scimitar bridge],
63.0,,,[Enterprise-E bridge],
63.0,DATA,Forward shields down to ten percent.,[Enterprise-E bridge],(one warbird is destroyed)
63.0,RIKER,Bring us about!,[Enterprise-E bridge],
64.0,,,[Scimitar bridge],
64.0,SHINZON,Drop cloak on the aft port quadrant. Prepare for full emergency stop.,[Scimitar bridge],
64.0,VICEROY,What?,[Scimitar bridge],
64.0,SHINZON,You heard me!,[Scimitar bridge],
65.0,,,[Valdore bridge],
65.0,DONATRA,He's losing his cloak! Stand by all forward disruptor banks!,[Valdore bridge],
66.0,,,[Scimitar bridge],
66.0,VICEROY,She's almost on us.,[Scimitar bridge],
66.0,SHINZON,...Not yet.,[Scimitar bridge],
66.0,VICEROY,Praetor!,[Scimitar bridge],
66.0,SHINZON,Full Stop! Fire!,[Scimitar bridge],
66.0,,,[Scimitar bridge],
67.0,,,[Scimitar bridge],
67.0,SHINZON,Restore the aft cloak and bring us about.,[Scimitar bridge],(Shinzon has a turn as the Valdore takes a big hit)
68.0,,,[Enterprise-E bridge],
68.0,DONATRA (on viewscreen),"I'm afraid that drink will have to wait, Captain.",[Enterprise-E bridge],
68.0,PICARD,Do you have life support?,[Enterprise-E bridge],
68.0,DONATRA (on viewscreen),For the moment. But we're dead in the water.,[Enterprise-E bridge],
68.0,PICARD,Understood.,[Enterprise-E bridge],
68.0,,,[Enterprise-E bridge],
68.0,DATA,"We are losing structural integrity on decks twelve through seventeen, sections four through ten.",[Enterprise-E bridge],
68.0,LAFORGE,Emergency forcefields are holding.,[Enterprise-E bridge],(the Enterprise takes a series of hits)
68.0,RIKER,Evacuate those decks and reroute field power to forward shields.,[Enterprise-E bridge],
68.0,TROI,"Captain, I think I may have a way to find them.",[Enterprise-E bridge],
69.0,,,[Scimitar bridge],
69.0,SHINZON,Prepare a lateral run. All starboard disruptors.,[Scimitar bridge],
69.0,,,[Scimitar bridge],
69.0,SHINZON,What is it? ...What is it?,[Scimitar bridge],
69.0,VICEROY,She's here!,[Scimitar bridge],(the Viceroy suddenly stiffens)
70.0,,,[Enterprise-E bridge],
70.0,,,[Enterprise-E bridge],
70.0,TROI,He's resisting me.,[Enterprise-E bridge],
71.0,,,[Scimitar bridge],(Troi's hand is on Worf's as they use the photon torpedo targeting display to beam her thoughts to the Scimitar)
71.0,VICEROY,No!,[Scimitar bridge],
72.0,,,[Enterprise-E bridge],
72.0,TROI,Remember ...me? ...Now!,[Enterprise-E bridge],
72.0,,,[Enterprise-E bridge],
72.0,PICARD,Fire at will!,[Enterprise-E bridge],
73.0,,,[Scimitar bridge],(Worf instantly fires a full volley of photon torpedoes)
73.0,SHINZON,Prepare a boarding party. ...Bring me Picard!,[Scimitar bridge],
73.0,VICEROY,(to a Reman guard as he exits) You!,[Scimitar bridge],
73.0,SHINZON,"Get the cloak back! Target all shield coordinates beta three. All disruptors, fire!",[Scimitar bridge],
74.0,,,[Enterprise-E bridge],
74.0,DATA,"Captain, we've lost ventral shielding on deck twenty-nine.",[Enterprise-E bridge],
74.0,PICARD,Divert all power and compensate.,[Enterprise-E bridge],
74.0,WORF,Intruder alert!,[Enterprise-E bridge],
74.0,PICARD,Number One.,[Enterprise-E bridge],
74.0,RIKER,Let's go.,[Enterprise-E bridge],
74.0,WORF,Security detail to deck twenty-nine.,[Enterprise-E bridge],
75.0,,,[Enterprise-E corridor],
75.0,WORF,The Romulans fought with honour.,[Enterprise-E corridor],
75.0,RIKER,"Yes they did, Mister Worf.",[Enterprise-E corridor],
75.0,,,[Enterprise-E corridor],
75.0,RIKER,"Worf, cover me!",[Enterprise-E corridor],
76.0,,,[Enterprise-E Jefferies tube],"(a massive firefight develops between the security detail, led by Riker and Worf, and the Viceroy and the boarding party. The Viceroy disappears into a Jeffries tube)"
76.0,,,[Enterprise-E Jefferies tube],
77.0,,,[Enterprise-E bridge],
77.0,,,[Enterprise-E bridge],(Riker searches for the Viceroy only to be jumped by him allowing the Viceroy to escape)
77.0,PICARD,Medical team to the bridge.,[Enterprise-E bridge],
77.0,,,[Enterprise-E bridge],"(the bridge is devastated by another attack, the hull is breached until a forcefield seals it)"
77.0,PICARD,Report.,[Enterprise-E bridge],
77.0,DATA,"We've exhausted our complement of photon torpedoes. Phaser banks are down to four percent, sir.",[Enterprise-E bridge],(Riker looks for the Viceroy who is striding through the ship)
77.0,PICARD,What if we targeted all phasers in a concentrated pattern?,[Enterprise-E bridge],
77.0,LAFORGE,"The Scimitar's shields are still at seventy percent. It would make no difference, Captain.",[Enterprise-E bridge],
77.0,,,[Enterprise-E bridge],
77.0,TROI,What's he doing?,[Enterprise-E bridge],
77.0,PICARD,"He wants to look me in the eye. ...We've got him. ...He thinks he knows exactly what I'm going to do. Geordi, divert all power to the engines. Take it from life support if you have to. Give me everything you've got.",[Enterprise-E bridge],(they watch the Scimitar through the hull breach)
77.0,LAFORGE,Ready Captain?,[Enterprise-E bridge],
77.0,DATA,"We're being hailed, sir.",[Enterprise-E bridge],
77.0,PICARD,"Deanna, stand by. ...Open a channel.",[Enterprise-E bridge],
77.0,SHINZON (on viewscreen),"I hope you're still alive, Jean Luc.",[Enterprise-E bridge],
77.0,PICARD,"Oh yes, I am.",[Enterprise-E bridge],
77.0,SHINZON (on viewscreen) (OC),Don't you think it's time to surrender? Why should the rest of your crew have to die?,[Enterprise-E bridge],
77.0,PICARD,"Shinzon, I don't think I ever told you about my first Academy evaluation. In particular I was thought to be extremely ...over-confident.",[Enterprise-E bridge],
77.0,SHINZON,"Captain, as much as I enjoy listening to you talk, I really think...",[Enterprise-E bridge],
77.0,PICARD,"On my mark, Deanna. ...All hands, brace for impact! ...Engage.",[Enterprise-E bridge],
78.0,,,[Scimitar bridge],
78.0,SHINZON,Hard to port!,[Scimitar bridge],
78.0,,,[Scimitar bridge],
79.0,,,[Scimitar bridge],
79.0,SHINZON,Divert all power to engines! ...Full reverse.,[Scimitar bridge],(a massive collision as the Enterprise slams into the Scimitar. Meanwhile Riker waylays the Viceroy)
79.0,,,[Scimitar bridge],
80.0,,,[Enterprise-E bridge],
80.0,PICARD,Computer. Stand by. Auto-destruct sequence omega. Recognise voice pattern Jean Luc Picard. Authorisation alpha alpha three zero five.,[Enterprise-E bridge],(as the ships disengage Riker and the Viceroy fight and with them eventually hanging in a vertical access tunnel Riker kicks the Viceroy free who falls to his death)
80.0,COMPUTER VOICE,Auto-destruct is off-line.,[Enterprise-E bridge],
81.0,,,[Scimitar bridge],
81.0,REMAN OFFICER,"Disruptors are not functional, sir.",[Scimitar bridge],
81.0,SHINZON,Deploy the weapon. Kill everything on that ship. Then set a course for Earth. We must complete our mission.,[Scimitar bridge],
81.0,SCIMITAR COMPUTER VOICE,Matrix initiated. ...Sequencing procedure for thalaron radiation transfer activated.,[Scimitar bridge],
81.0,SHINZON,"Some ideals are worth dying for, aren't they, Jean Luc?",[Scimitar bridge],
81.0,,,[Scimitar bridge],
81.0,SCIMITAR COMPUTER VOICE,Thalaron intermix procedure initiated. ...Deployment of targeting arms commencing.,[Scimitar bridge],
81.0,,,[Scimitar bridge],(the thalaron radiation is the same spiralling double-helix column of light as Senator Tal'aura's red box in the Senate chamber)
82.0,,,[Enterprise-E bridge],
82.0,PICARD,How long until he can fire?,[Enterprise-E bridge],
82.0,LAFORGE,"The targeting sequence should take about seven minutes, Captain. When the targeting arms are fully deployed the matrix on the bridge will relay the thalaron radiation to the firing points at the tips. No one on the Enterprise will survive.",[Enterprise-E bridge],
82.0,TROI,How can he? He'll kill you.,[Enterprise-E bridge],
82.0,PICARD,It's not about me anymore.,[Enterprise-E bridge],
82.0,PICARD,Prepare for a site-to-site transport.,[Enterprise-E bridge],
82.0,LAFORGE,"Captain, I don't think there's a transporter...",[Enterprise-E bridge],
82.0,PICARD,"That's an order, Commander.",[Enterprise-E bridge],
82.0,DATA,"Sir, allow me to go.",[Enterprise-E bridge],
82.0,PICARD,"Data, this is something I have to do.",[Enterprise-E bridge],
82.0,DATA,Sir.,[Enterprise-E bridge],
82.0,TROI,Let him go.,[Enterprise-E bridge],
82.0,PICARD,"You have the bridge, Commander. Try and put some distance between you and the Scimitar. Now, Mister La Forge.",[Enterprise-E bridge],
82.0,LAFORGE,Aye sir.,[Enterprise-E bridge],
82.0,,,[Enterprise-E bridge],
82.0,LAFORGE,That's it! Transporters are down.,[Enterprise-E bridge],
82.0,DATA,"Counselor Troi, please assume command. Geordi, come with me.",[Enterprise-E bridge],(Picard takes a phaser rifle and transports to the Scimitar)
82.0,,,[Enterprise-E bridge],
83.0,,,[Scimitar activation matrix],
83.0,SCIMITAR COMPUTER VOICE,Thalaron intermix level thirty percent.,[Scimitar activation matrix],"(while Picard fights the Remans aboard the Scimitar, Data leaps from a hull breach to the Scimitar after Geordi has momentarily disabled the forcefield)"
83.0,,,[Scimitar activation matrix],
84.0,,,[Scimitar bridge],
84.0,SCIMITAR COMPUTER VOICE,Four minutes to firing sequence.,[Scimitar bridge],(Data is climbing on the outside of the Scimitar)
84.0,,,[Scimitar bridge],
85.0,,,[Scimitar bridge],
85.0,,,[Scimitar bridge],(Data opens an access panel)
85.0,SCIMITAR COMPUTER VOICE,Thalaron intermix level fifty percent.,[Scimitar bridge],
85.0,,,[Scimitar bridge],"(Picard bursts onto the Scimitar bridge and a firefight starts. Shinzon staggers, the veins swelling on his forehead)"
85.0,SCIMITAR COMPUTER VOICE,Three minutes to firing sequence.,[Scimitar bridge],
85.0,,,[Scimitar bridge],(Picard downs three more Remans)
85.0,SCIMITAR COMPUTER VOICE,Thalaron intermix level sixty percent.,[Scimitar bridge],
85.0,,,[Scimitar bridge],(as Picard attempts to get to the matrix controls Shinzon wrestles him down but Picard breaks free)
85.0,SCIMITAR COMPUTER VOICE,Two minutes to firing sequence.,[Scimitar bridge],
85.0,,,[Scimitar bridge],(Picard realises he's lost his hand phaser and Shinzon comes at him with a knife. They wrestle again and Picard knocks the knife clear)
85.0,SCIMITAR COMPUTER VOICE,Thalaron intermix level eighty percent.,[Scimitar bridge],
85.0,,,[Scimitar bridge],"(as Shinzon rushes at Picard with another knife, Picard rips a bar off the wall and impales Shinzon on it)"
85.0,SHINZON,I'm glad we're together now. ...Our destiny is complete.,[Scimitar bridge],
85.0,SCIMITAR COMPUTER VOICE,One minute to firing sequence.,[Scimitar bridge],(Shinzon forces himself further onto the bar until he is face-to-face with Picard and can put his hands around Picard's throat)
85.0,,,[Scimitar bridge],
85.0,SCIMITAR COMPUTER VOICE,Thalaron intermix level completed.,[Scimitar bridge],
85.0,,,[Scimitar bridge],(Data enters)
85.0,SCIMITAR COMPUTER VOICE,Thirty seconds to firing sequence.,[Scimitar bridge],
85.0,,,[Scimitar bridge],(Data pushes the dead Shinzon aside)
85.0,DATA,Goodbye.,[Scimitar bridge],
85.0,SCIMITAR COMPUTER VOICE,"Ten, ...nine, ...eight, ...seven, ...six, ...five, ...four, ...three...",[Scimitar bridge],(Data puts the emergency transport unit onto Picard's tunic and activates it)
85.0,,,[Scimitar bridge],
86.0,,,[Enterprise-E bridge],
86.0,,,[Enterprise-E bridge],(Data fires his phaser at the matrix and the Scimitar explodes
86.0,TROI,Data?,[Enterprise-E bridge],
86.0,,,[Enterprise-E bridge],(Picard has rematerialised)
86.0,RIKER,Captain?,[Enterprise-E bridge],
86.0,TROI,It's Data.,[Enterprise-E bridge],(Riker comes onto the bridge and Troi runs into his arms)
86.0,LAFORGE,"Captain, we're being hailed.",[Enterprise-E bridge],
86.0,PICARD,On screen. ...Open a channel.,[Enterprise-E bridge],
86.0,DONATRA (on viewscreen) (OC),This is Commander Donatra of the Valdore. We're dispatching shuttles with medical personnel and supplies.,[Enterprise-E bridge],
86.0,PICARD,"Thank you, Commander.",[Enterprise-E bridge],
86.0,DONATRA (on viewscreen) (OC),"...You've earned a friend in the Romulan Empire today, Captain. ...I hope, the first of many. Valdore out.",[Enterprise-E bridge],
86.0,PICARD,"Geordi, ...prepare the shuttlebay for arrivals. They... They don't know our procedures. ...Just open the doors.",[Enterprise-E bridge],
86.0,LAFORGE,"I'll take care of it, Captain.",[Enterprise-E bridge],
86.0,PICARD,"You have the bridge, Number One.",[Enterprise-E bridge],
87.0,,,[Enterprise-E crew lounge],
87.0,,,[Enterprise-E crew lounge],
87.0,TROI,Thank you.,[Enterprise-E crew lounge],
87.0,RIKER,"Thank you, sir.",[Enterprise-E crew lounge],(Picard is handing out glasses of Chateau Picard)
87.0,PICARD,To absent friends. ...To family.,[Enterprise-E crew lounge],
87.0,TROI,Data.,[Enterprise-E crew lounge],
87.0,LAFORGE (OC),Data.,[Enterprise-E crew lounge],
87.0,RIKER,"The first time I saw Data, he was leaning against a tree in the holodeck ...trying to whistle. ...Funniest thing I ever saw. ...No matter what he did he couldn't get the tune right.",[Enterprise-E crew lounge],
87.0,RIKER (OC),What was that song? I can't remember the song.,[Enterprise-E crew lounge],
87.0,,,[Enterprise-E crew lounge],
87.0,,,[Enterprise-E crew lounge],
88.0,,,[Enterprise-E ready room],(Transcriber's note - the tune is 'Pop Goes the Weasel')
88.0,PICARD,Come. ...Will!,[Enterprise-E ready room],(the Enterprise is being rebuilt in Spacedock)
88.0,RIKER,"Permission to disembark, sir.",[Enterprise-E ready room],
88.0,PICARD,"Granted. ...So, where's the Titan off to?",[Enterprise-E ready room],
88.0,RIKER,"The Neutral Zone, sir. We're heading up the new task force. Apparently the Romulans are interested in talking.",[Enterprise-E ready room],
88.0,PICARD,"Well I can't think of a better man for the job. ...If I may, just a word of advice about your first command.",[Enterprise-E ready room],
88.0,RIKER,Anything.,[Enterprise-E ready room],
88.0,PICARD,"When your first officer insists that you can't go on away missions,...",[Enterprise-E ready room],
88.0,RIKER,...ignore him. I intend to. ...Serving with you has been an honour.,[Enterprise-E ready room],
88.0,PICARD,"The honour was mine, Captain.",[Enterprise-E ready room],
89.0,,,[Picard's quarters],
89.0,PICARD,I don't know if all this has made any sense. I wanted you to know what kind of man he was. In his quest to be more like us ...he helped us to see what it means to be human.,[Picard's quarters],
89.0,B-4,My... my brother was not human.,[Picard's quarters],
89.0,PICARD,"No, he wasn't. But his wonder, his curiosity about every facet of human nature ...allowed all of us to see the best parts of ourselves. He evolved. He embraced change because he always wanted to be better than he was.",[Picard's quarters],
89.0,B-4,I...I do not understand.,[Picard's quarters],
89.0,PICARD,"Well, I hope someday you will.",[Picard's quarters],
89.0,WORF (on intercom),"Captain, the warp engines are ready to go on line.",[Picard's quarters],
89.0,PICARD,I'm on my way. Please inform Commander La Forge.,[Picard's quarters],
89.0,,,[Picard's quarters],
89.0,PICARD,We'll talk later.,[Picard's quarters],
89.0,B-4,'Never saw the sun...' 'Never saw the sun...' 'Never saw the sun...',[Picard's quarters],(B-4 is examining something off Picard's desk)
89.0,PICARD,'...shining so bright',[Picard's quarters],
89.0,B-4,'...shining so bright. Never saw things...',[Picard's quarters],
89.0,PICARD,'...going so right.',[Picard's quarters],
89.0,B-4,'...going so right.',[Picard's quarters],
89.0,,,[Picard's quarters],
89.0,,,[Picard's quarters],
89.0,,,[Picard's quarters],CREDITS
89.0,,,[Picard's quarters],
89.0,,,[Picard's quarters],<Back to the films list
,,,,
,,,,"Star Trek Â® and related marks are trademarks of CBS Studios Inc. Copyright Â© 1966, Present. The Star Trek web pages on this site are for educational and entertainment purposes only. All other copyrights property of their respective holders."
